t(s),Flux surface 1: solute,Flux surface 2: solute
0,23268800366.218887,-23268800365.777946
