t(s),Flux surface 1: solute,Flux surface 2: solute
0,3321690481.8249187,-3321690481.8509893
